{
  "title": "Active Wait",
  "size": 10000,
  "min": 0.000421,
  "max": 752.10823,
  "mean": 372.77073298540006,
  "median": 373.946195,
  "std_dev": 213.67750280989358,
  "conf": 0.95,
  "conf_low": 368.582223875246,
  "conf_high": 376.95924209555415,
  "unit": "ms"
}