{
  "title": "Active Wait",
  "size": 1000,
  "min": 1.306,
  "max": 67418.457,
  "mean": 33109.560935,
  "median": 32986.144499999995,
  "std_dev": 19655.93265377705,
  "conf": 0.8,
  "conf_low": 32312.45320782637,
  "conf_high": 33906.66866217364,
  "unit": "us"
}