{
  "title": "Active Wait",
  "size": 10000,
  "min": 0.000295,
  "max": 714.107656,
  "mean": 344.61029802120004,
  "median": 345.8747865,
  "std_dev": 209.10284723602405,
  "conf": 0.95,
  "conf_low": 340.51146136741124,
  "conf_high": 348.70913467498883,
  "unit": "ms"
}