{
  "title": "Blocked Wait",
  "size": 10000,
  "min": 1.003,
  "max": 390.859,
  "mean": 5.056871800000001,
  "median": 3.688,
  "std_dev": 10.411996874522018,
  "conf": 0.95,
  "conf_low": 4.852775705697404,
  "conf_high": 5.260967894302597,
  "unit": "us"
}