{
  "title": "Blocked Wait",
  "size": 1000,
  "min": 1.633,
  "max": 76.618,
  "mean": 4.830120999999999,
  "median": 3.406,
  "std_dev": 7.498526351477523,
  "conf": 0.8,
  "conf_low": 4.526032997539872,
  "conf_high": 5.134209002460127,
  "unit": "us"
}