{
  "title": "ORWC",
  "size": 1000,
  "min": 13.733,
  "max": 244.344,
  "mean": 23.206295,
  "median": 19.406,
  "std_dev": 17.23755221893397,
  "conf": 0.8,
  "conf_low": 22.507259939527763,
  "conf_high": 23.905330060472238,
  "unit": "us"
}