{
  "title": "Pipeline Message",
  "size": 10000,
  "min": 0.326,
  "max": 14.945,
  "mean": 0.4368236999999999,
  "median": 0.35,
  "std_dev": 0.25803747276712585,
  "conf": 0.95,
  "conf_low": 0.4317656461982021,
  "conf_high": 0.4418817538017977,
  "unit": "us"
}