{
  "title": "Pipeline Message",
  "size": 1000,
  "min": 0.487,
  "max": 2.425,
  "mean": 0.5101129999999999,
  "median": 0.5,
  "std_dev": 0.07496963837232828,
  "conf": 0.8,
  "conf_low": 0.507072753622349,
  "conf_high": 0.5131532463776508,
  "unit": "us"
}