{
  "title": "System Call",
  "size": 1000,
  "min": 6.631,
  "max": 137.292,
  "mean": 53.723016,
  "median": 53.714,
  "std_dev": 4.267062649575162,
  "conf": 0.8,
  "conf_low": 53.54997365852368,
  "conf_high": 53.89605834147632,
  "unit": "us"
}