{
  "title": "System Call",
  "size": 10000,
  "min": 3.239,
  "max": 225.738,
  "mean": 52.8744937,
  "median": 52.17,
  "std_dev": 7.584122533729329,
  "conf": 0.95,
  "conf_low": 52.72582963425925,
  "conf_high": 53.023157765740756,
  "unit": "us"
}